Region,Category,Title,Description,Fun Fact,Related Dishes
South India,Festival,Diwali,"Diwali, the Festival of Lights, is celebrated with lamps, fireworks, and sweets to symbolize the victory of light over darkness and good over evil.","Diwali is a five-day festival with each day having its own significance.","Sweets like Ladoo and Jalebi are traditionally prepared."
South India,Dance,Classical Dance - Bharatanatyam,"Bharatanatyam is a classical dance form originating in Tamil Nadu characterized by intricate footwork, gestures, and expressions to tell stories from Hindu mythology.","It is one of the oldest classical dance traditions in India, dating back over 2000 years.","Performed with Carnatic music accompaniment."
South India,Food,Street Food - Idli and Dosa,"Idli and dosa are popular South Indian breakfast foods made from fermented rice and lentil batter, enjoyed with chutneys and sambar.","The fermentation process increases nutrition by making B vitamins more bioavailable.","They are staples in South Indian Food."
South India,Festival,Onam,"Onam is a major harvest festival of Kerala celebrated with boat races, tiger dances, flower arrangements, and a grand feast called Onam Sadhya.","It commemorates the homecoming of the mythical King Mahabali.","Onam Sadhya consists of various vegetarian dishes served on a banana leaf."
South India,Art,Traditional Kolam,"Kolam is a form of drawing created with rice flour powder at the entrance of homes in Tamil Nadu to welcome prosperity and ward off evil.","Kolam designs are passed down generations and are drawn daily by women.","It is believed birds and insects eat the rice, linking to the ecosystem."
South India,Dance,Folk Dance - Theyyam,"Theyyam is a ritual dance form from Kerala where performers embody divine spirits and wear elaborate costumes and face paint.","It is both a performance and a spiritual ritual with centuries-old traditions.","Performed in temple precincts during festivals."
South India,uisineC,Traditional Dish - Hyderabadi Biryani,"A world-famous fragrant rice dish with layers of marinated meat and basmati rice, cooked with saffron and spices.","It reflects a blend of Mughal and South Indian culinary traditions.","Accompanied by raita and boiled eggs."
South India,Music,Classical Music - Carnatic,"Carnatic music is classical music of South India characterized by vocal-centric performances with intricate rhythmic patterns and improvisations.","It heavily involves compositions in Tamil, Telugu, Kannada, and Sanskrit.","Instruments include mridangam, veena, and violin."
South India,Festival,Pongal,"Pongal is a harvest festival in Tamil Nadu celebrated with the cooking of a special rice dish called Pongal made from the newly harvested rice.","It marks the beginning of the sun's northward movement.","People decorate their homes with kolams."
South India,Traditional Wear,Saree,"The saree is a traditional South Indian women's garment, often made from silk with regional weaving styles like Kanjeevaram.","Kanjeevaram sarees are known for their durability and vibrant colors.","Sarees are worn during festivals, weddings, and everyday occasions."
South India,Art,Tanjore Painting,"Tanjore paintings are classical South Indian paintings characterized by rich colors, surface richness, and compact composition depicting Hindu gods and goddesses.","They originated in Tamil Nadu during the Chola period.","Gold foil is often used to embellish the artwork."
South India,Festival,Thaipusam,"Thaipusam is a Hindu festival celebrated by the Tamil community with acts of devotion including carrying kavadis and piercing the skin as a form of penance.","Devotees believe it cleanses sins and earns blessings from Lord Murugan.","The festival sees large processions in Tamil Nadu and abroad."
South India,Food,Snack - Vada,"Vada is a savory fried snack made from lentils, shaped like doughnuts, and commonly enjoyed with chutney or sambar in South India.","It combining crunchiness outside and softness inside.","Popular during festivals and breakfast."
South India,Dance,Classical Dance - Kuchipudi,"Kuchipudi is a classical Indian dance from Andhra Pradesh known for fluid movements and strong narrative storytelling through gestures and expressions.","Often involves both solo and group performances.","Incorporates Carnatic musical accompaniment."
South India,Festival,Karthigai Deepam,"Karthigai Deepam is a festival of lights celebrated in Tamil Nadu by lighting rows of lamps to honor Lord Shiva and the sun god Surya.","It is one of the longest festivals in Tamil tradition.","Temples and homes are brightly illuminated."
South India,Music,Instrument - Nadaswaram,"Nadaswaram is a classical wind instrument from South India, considered auspicious and used prominently in temple festivals and weddings.","It is one of the loudest non-brass acoustic instruments.","Often played with the thavil drum."
South India,Festival,Ugadi,"Ugadi marks the New Year for the Telugu and Kannada people and is celebrated with traditional rituals, special meals, and cultural events.","Special dish called Ugadi Pachadi represents different flavors of life.","It signifies new beginnings."
South India,Food,Dish - Chettinad Chicken,"Chettinad Chicken is a spicy chicken curry from Tamil Nadu known for its aromatic spices and fiery flavor.","Chettinad Food is famous for complex use of spices and fresh ingredients.","Served with rice or breads."
South India,Traditional Wear,Mundu,"The mundu is a traditional garment worn by men in Kerala, similar to a dhoti, often white with a colored border.","Worn during festivals, weddings, and ceremonies.","Paired with a shirt or kurta."
North India,Festival,Holi,"Holi, the Festival of Colors, celebrates the arrival of spring and the victory of good over evil, marked by throwing colored powders and water.","Holi is celebrated with great enthusiasm and is known for its vibrant atmosphere and joyous spirit.","Traditional sweets like gujiya and thandai are enjoyed during the festival."
North India,Music,Classical Music - Hindustani,"Hindustani classical music is a tradition of Indian classical music originating from North India, characterized by improvisation and a rich repertoire of ragas.","It has a history of over a thousand years and is performed in various forms including vocal and instrumental.","Prominent instruments include sitar, tabla, and sarod."
North India,Food,Regional Food - Punjabi,"Punjabi Food is known for its rich, buttery flavors and includes dishes like butter chicken, dal makhani, and various breads like naan and paratha.","The Food reflects the agricultural lifestyle of Punjab, with an emphasis on dairy and wheat products.","Lassi, a yogurt-based drink, is a popular accompaniment."
North India,Festival,Navratri,"Navratri is a nine-night festival dedicated to the worship of the goddess Durga, celebrated with fasting, dance, and music.","Each night is dedicated to a different form of the goddess, and it culminates in Dussehra.","Garba and Dandiya Raas are traditional dances performed during this festival."
North India,Art,Warli Art,"Warli art is a tribal art form from Maharashtra characterized by simple, monochromatic designs depicting daily life and nature using geometric shapes.","This art form is traditionally painted on mud walls of homes by the Warli tribe.","It has gained popularity in contemporary art and decor."
North India,Dance,Classical Dance - Kathak,"Kathak is a classical dance form from North India known for its intricate footwork, spins, and expressive gestures, often telling stories through dance.","It evolved from the ancient temple dancers known as 'Kathakars' who narrated stories from Hindu epics.","Accompanied by Hindustani classical music, it features both solo and group performances."
North India,Food,Snack - Samosa,"Samosa is a popular Indian snack consisting of a deep-fried pastry filled with spiced potatoes, peas, and sometimes meat, served with chutney.","Samosas are believed to have originated in the Middle East and were brought to India by traders.","They are a staple at street food stalls and during festive occasions."
North India,Festival,Durga Puja,"Durga Puja is a major Hindu festival in West Bengal celebrating the goddess Durga's victory over the buffalo demon Mahishasura, marked by elaborate decorations and rituals.","It is one of the most significant festivals in Bengal, attracting millions of visitors.","The festival includes cultural performances, processions, and traditional foods."
North India,Traditional Wear,Lehenga,"Lehenga is a traditional Indian outfit for women, consisting of a long skirt paired with a blouse and a dupatta, often worn during weddings and festivals.","Lehengas come in various styles and fabrics, reflecting regional variations and trends.","They are often heavily embellished with embroidery and sequins."
North India,Festival,Lohri,"Lohri is a Punjabi festival marking the end of winter, celebrated with bonfires, singing, and dancing.","Traditionally observed by farmers to thank the Sun God for a good harvest.","Popular foods include popcorn, sesame seeds, and jaggery sweets."
North India,Festival,Baisakhi,"Baisakhi is a harvest festival celebrated in Punjab marking the Sikh New Year and the formation of the Khalsa Panth by Guru Gobind Singh.","It includes religious processions, singing, and dancing.","Community kitchens (langar) serve free meals."
North India,Music,Folk Music - Giddha,"Giddha is a popular women's folk dance from Punjab with energetic steps and rhythmic clapping, often telling stories through song.","It is performed during festivals and celebrations like Lohri and Baisakhi.","Performed in traditional Punjabi attire."
North India,Art,Madhubani Painting,"Madhubani painting is a folk art from Bihar featuring intricate geometric patterns and mythological themes painted with natural dyes or pigments.","Traditionally practiced by women on walls and floors during festivals and weddings.","Recognized by UNESCO as a representative of Indian heritage."
North India,Dance,Folk Dance - Bhangra,"Bhangra is a lively folk dance and music form from Punjab performed during harvest celebrations and festivals to express joy.","Bhangra has significantly influenced international music genres.","Dhol drum is a key musical instrument in Bhangra."
North India,Food,Dish - Butter Chicken,"Butter chicken is a creamy tomato-based curry dish invented in Delhi combining roasted chicken pieces with butter and cream sauce.","The dish gained global popularity as a staple in Indian restaurants worldwide.","Often served with naan or rice."
North India,Festival,Ram Navami,"Ram Navami celebrates the birth of Lord Rama, an avatar of Vishnu, with prayers, processions, and reading of the Ramayana.","Devotees fast and visit temples dedicated to Rama.","Celebrated especially in Uttar Pradesh and North India."
North India,Food,Dish - Rajma,"Rajma is a red kidney bean curry popular in North India, often served with steamed rice as a staple comfort food.","Rajma chawal is considered a quintessential North Indian meal.","Made with aromatic spices and slow-cooked for flavor."
North India,Traditional Wear,Turban,"The turban (pagri) is a traditional headwear commonly worn by Sikh men in Punjab symbolizing honor and self-respect.","Turbans come in various styles and colors with cultural significance.","Draping style differentiates among regions and occasions."
North India,Festival,Diwali,"Diwali is widely celebrated in North India with lighting of diyas, fireworks, prayers, and sharing sweets.","It commemorates the return of Lord Rama to Ayodhya.","Families purchase new clothes and decorate homes."
North India,Music,Instrument - Sitar,"The sitar is a plucked stringed instrument used predominantly in Hindustani classical music from North India.","It gained international fame in the 20th century through musicians like Ravi Shankar.","Known for its resonant, melodic sound."
South India,Festival,Makar Sankranti,"Makar Sankranti is a harvest festival celebrated in Tamil Nadu and Andhra Pradesh signifying the sun's transition into Capricorn, marked by kite flying and feasts.","It is one of the few Indian festivals aligned to the solar calendar.","Traditional foods include sesame seeds and jaggery sweets."
South India,Festival,Karva Chauth,"Karva Chauth is a festival where married Hindu women fast from sunrise to moonrise for the longevity of their husbands.","Though more popular in North India, it is gaining recognition in metropolitan South Indian cities.","Women dress in bridal attire and apply henna."
South India,Food,Dish - Rasam,"Rasam is a South Indian spicy, tangy soup made with tamarind, tomato, and various spices, served as a digestive aid during meals.","It is believed to aid digestion and boost immunity.","Often accompanied by steamed rice."
South India,Dance,Classical Dance - Mohiniyattam,"Mohiniyattam is a classical dance from Kerala characterized by graceful, flowing movements symbolizing feminine energy.","It is performed solo to Carnatic music.","Costumes are usually cream-colored with gold borders."
South India,Traditional Wear,Pavada,"Pavada is a traditional skirt worn by young girls in South India, often paired with a blouse or top.","It is commonly worn during cultural events and festivals.","Made of cotton or silk with colorful patterns."
South India,Festival,Vishu,"Vishu is the Kerala New Year celebrated with a traditional feast Vishu Sadhya, fireworks, and giving money (Vishu Kani) to family members.","It symbolizes prosperity and new beginnings.","Vishu Kani includes auspicious items to be seen on the first morning of the year."
North India,Festival,Chhath Puja,"Chhath Puja is an ancient Hindu festival dedicated to the Sun God, predominantly celebrated in Bihar and eastern Uttar Pradesh.","Devotees offer prayers during sunrise and sunset standing in rivers or water bodies.","Devotional songs and fasting are integral parts."
North India,Dance,Folk Dance - Phagwa,"Phagwa is a traditional spring dance from Bihar associated with Holi celebrations involving singing and rhythmic movements.","It reflects the arrival of spring and joyfulness.","Performed in groups with traditional instruments."
North India,Food,Dish - Pulao,"Pulao is a flavorful rice dish made with spices, vegetables, or meat, widely consumed across North India during festivals and weddings.","It is often less spicy than biryani and cooked by absorbing broth.","Commonly served with raita and salad."
South India,Music,Folk Music - Villu Paatu,"Villu Paatu is a traditional musical storytelling art form from Tamil Nadu using a stringed instrument shaped like a bow.","It combines narration, music, and humor to convey stories.","Performed during temple festivals and social gatherings."
South India,Culture,Temple Festivals,"Temple festivals in South India include elaborate processions, decorated deities, and cultural performances, often lasting several days.","Each temple has unique rituals and celebrations.","Includes music, dance, and community feasts."
South India,Dance,Folk Dance - Dandiya,"Dandiya is a traditional folk dance from Gujarat, also performed in South India during Navratri, involving rhythmic sticks.","It symbolizes the battle between Goddess Durga and demon Mahishasura.","Dancers play in pairs exchanging stick strikes."
North India,Festival,Makar Sankranti,"Makar Sankranti is celebrated in North India with kite flying and feasting, marking the end of winter and start of longer days.","It features the preparation of tilgul (sesame sweets).","People greet each other with 'Tilgul ghya, goad goad bola' meaning 'Take the sweet and speak sweet'."
North India,Food,Dish - Chole Bhature,"Chole Bhature is a spicy chickpea curry served with deep-fried leavened bread, popular as a breakfast or street food in North India.","It's especially famous in Delhi and Punjab.","Often accompanied by pickles and onions."
North India,Art,Miniature Paintings,"Miniature paintings from Rajasthan and Mughal courts depict intricate scenes from mythology, history, and royal life.","They use natural colors and fine brushwork.","Each region features distinctive styles and motifs."
