state_city,best_time_to_visit,support_locals,cultural_etiquette,eco_friendly
Delhi,October to March,"â€¢ Shop at local handicraft markets ğŸ›ï¸ â€¢ Eat at local street food vendors ğŸ½ï¸ â€¢ Use local guides for heritage walks ğŸ›ï¸","â€¢ Greet elders with respect ğŸ™ â€¢ Dress modestly in religious places â›ª â€¢ Remove shoes before entering homes and temples ğŸ¥¿","Yes"
Jaipur (Rajasthan),October to March,"â€¢ Buy local textiles and jewelry ğŸ’ â€¢ Support local artisans ğŸ¨ â€¢ Eat at traditional Rajasthani eateries ğŸ›","â€¢ Use right hand to give and receive ğŸ¤ â€¢ Respect traditional customs and festivals ğŸ‰ â€¢ Avoid public displays of affection ğŸ’‘","Yes"
Agra (Uttar Pradesh),October to March,"â€¢ Purchase marble crafts ğŸº â€¢ Use local guides ğŸ—ºï¸ â€¢ Eat at local dhabas ğŸ²","â€¢ Speak softly near monuments ğŸ¤« â€¢ Dress conservatively ğŸ‘— â€¢ Maintain cleanliness at heritage sites ğŸ§¹","Yes"
Varanasi (Uttar Pradesh),October to March,"â€¢ Buy silk and weaving crafts ğŸ§µ â€¢ Eat at local cafes â˜• â€¢ Attend cultural performances ğŸ­","â€¢ Dress respectfully ğŸ™‡ â€¢ Respect religious rituals ğŸ•‰ï¸ â€¢ Avoid loud conversations near ghats ğŸš«","No"
Kerala (State-wide),September to March,"â€¢ Support local spice markets ğŸŒ¶ï¸ â€¢ Use local boat operators for backwaters ğŸš¤ â€¢ Eat traditional Kerala cuisine ğŸ½ï¸","â€¢ Respect local customs ğŸ™ â€¢ Dress modestly especially in temples â›ª â€¢ Remove shoes before homes and temples ğŸ¥¿","Yes"
Mumbai (Maharashtra),November to February,"â€¢ Shop at local markets ğŸ›’ â€¢ Use local eateries and food stalls ğŸ´ â€¢ Support local transport like BEST buses ğŸšŒ","â€¢ Be patient and polite in crowds ğŸ˜Š â€¢ Respect religious diversity ğŸŒˆ â€¢ Avoid littering public places ğŸš¯","No"
Kolkata (West Bengal),October to March,"â€¢ Buy local handicrafts ğŸ â€¢ Eat at local sweet shops ğŸ¬ â€¢ Use local rickshaw rides ğŸš²","â€¢ Respect cultural festivals ğŸŠ â€¢ Speak softly in public ğŸ¤« â€¢ Be mindful during Durga Puja celebrations ğŸ‰","Yes"
Goa,November to February,"â€¢ Support local fishermen ğŸ£ â€¢ Eat at beach shacks owned by locals ğŸ–ï¸ â€¢ Use local tour guides ğŸ—ºï¸","â€¢ Respect local culture and heritage ğŸ›ï¸ â€¢ Dress modestly in villages ğŸ‘— â€¢ Avoid single-use plastics ğŸš«","Yes"
Shimla (Himachal Pradesh),March to June,"â€¢ Buy woollens from local shops ğŸ§¥ â€¢ Eat local Himachali food ğŸ² â€¢ Use local guides for trekking ğŸ¥¾","â€¢ Respect mountain etiquette ğŸ”ï¸ â€¢ Dress warmly and modestly ğŸ§£ â€¢ Keep noise to a minimum in natural areas ğŸ¤«","Yes"
Rishikesh (Uttarakhand),February to April,"â€¢ Attend local yoga schools ğŸ§˜ â€¢ Buy handmade spiritual crafts ğŸ•‰ï¸ â€¢ Support local cafes â˜•","â€¢ Respect spiritual practices ğŸ™ â€¢ Keep quiet in meditation areas ğŸ¤« â€¢ Dress modestly ğŸ‘—","Yes"
Mysore (Karnataka),October to February,"â€¢ Buy local sandalwood and incense ğŸ•¯ï¸ â€¢ Eat at traditional Mysore eateries ğŸ½ï¸ â€¢ Use local guides for palace tours ğŸ°","â€¢ Respect royal heritage ğŸ‘‘ â€¢ Dress modestly in temples â›ª â€¢ Use hands respectfully when eating ğŸ½ï¸","Yes"
Udaipur (Rajasthan),October to March,"â€¢ Buy traditional crafts like miniature paintings ğŸ¨ â€¢ Support local boatmen on lakes ğŸš¤ â€¢ Eat at family-run restaurants ğŸ½ï¸","â€¢ Dress conservatively ğŸ‘— â€¢ Use polite greetings ğŸ™ â€¢ Avoid loud behavior near lakes and temples ğŸš«","Yes"
Pondicherry,November to February,"â€¢ Buy local pottery and handicrafts ğŸº â€¢ Eat local French-Indian fusion food ğŸ½ï¸ â€¢ Use local cycle rentals ğŸš´","â€¢ Respect French and Tamil culture blending ğŸ‡«ğŸ‡·ğŸ‡®ğŸ‡³ â€¢ Dress casually but modestly ğŸ‘• â€¢ Avoid littering beaches ğŸš¯","Yes"
Jaisalmer (Rajasthan),October to March,"â€¢ Buy camel wool and textiles ğŸª â€¢ Support desert safaris run by locals ğŸœï¸ â€¢ Eat local Rajasthani dishes ğŸ›","â€¢ Respect desert environment ğŸŒµ â€¢ Dress in layers for temperature shifts ğŸ§¥ â€¢ Use local customs for greetings ğŸ™","Yes"
Hampi (Karnataka),October to March,"â€¢ Buy stone carvings and local crafts ğŸº â€¢ Use local guides for ruins ğŸ—ºï¸ â€¢ Eat at local cafes â˜•","â€¢ Respect archaeological sites ğŸ›ï¸ â€¢ Dress modestly ğŸ‘— â€¢ Keep noise levels low ğŸ¤«","Yes"
Darjeeling (West Bengal),March to June,"â€¢ Buy tea from local plantations ğŸµ â€¢ Support local homestays ğŸ¡ â€¢ Eat Nepali and Bengali dishes ğŸ²","â€¢ Respect local Nepali culture ğŸ™ â€¢ Dress warmly and modestly ğŸ§¥ â€¢ Support local trekking rules ğŸ¥¾","Yes"
Amritsar (Punjab),October to March,"â€¢ Support local markets and artisans ğŸ›ï¸ â€¢ Eat at family-run dhabas ğŸ› â€¢ Follow local transport options ğŸšŒ","â€¢ Remove shoes before entering Golden Temple ğŸ¥¿ â€¢ Cover head in religious places ğŸ™†â€â™‚ï¸ â€¢ Speak respectfully ğŸ—£ï¸","Yes"
Rann of Kutch (Gujarat),November to February,"â€¢ Buy local handicrafts and textiles ğŸ§µ â€¢ Support local artists during festivals ğŸ‰ â€¢ Use local guides ğŸ—ºï¸","â€¢ Respect seasonal customs ğŸŠ â€¢ Dress according to desert climate ğŸŒ â€¢ Respect natural environment ğŸŒ¿","Yes"
Shillong (Meghalaya),March to June,"â€¢ Buy local Khasi crafts ğŸ¨ â€¢ Eat at local markets ğŸ›’ â€¢ Support eco stays ğŸŒ±","â€¢ Respect indigenous customs ğŸ™ â€¢ Dress modestly ğŸ‘— â€¢ Use polite language ğŸ—£ï¸","Yes"
Chennai (Tamil Nadu),November to February,"â€¢ Buy local silk and crafts ğŸ§µ â€¢ Eat local South Indian cuisine ğŸ› â€¢ Use local guides for temple tours ğŸ›ï¸","â€¢ Remove shoes before entering homes and temples ğŸ¥¿ â€¢ Dress modestly ğŸ‘š â€¢ Respect religious ceremonies ğŸ™","No"
Ooty (Tamil Nadu),March to June,"â€¢ Buy local handmade chocolates ğŸ« â€¢ Support local tea estates ğŸƒ â€¢ Eat local Tamil cuisine ğŸ½ï¸","â€¢ Respect hill station etiquette ğŸï¸ â€¢ Dress for cool climate ğŸ§¥ â€¢ Keep natural surroundings clean ğŸŒ³","Yes"
Khajuraho (Madhya Pradesh),October to March,"â€¢ Buy stone sculptures and crafts ğŸ—¿ â€¢ Support local guides ğŸ—ºï¸ â€¢ Eat local cuisine ğŸ²","â€¢ Respect temple heritage ğŸ›ï¸ â€¢ Dress modestly ğŸ‘— â€¢ Do not touch sculptures ğŸš«","Yes"
Guwahati (Assam),October to March,"â€¢ Buy local Assamese silk ğŸ§µ â€¢ Eat local food ğŸ› â€¢ Support river tours by locals ğŸš¤","â€¢ Respect local festivals ğŸ‰ â€¢ Dress modestly ğŸ‘— â€¢ Use polite greetings ğŸ™‡","Yes"
Leh-Ladakh (Jammu Kashmir),June to September,"â€¢ Buy local woollens and handicrafts ğŸ§£ â€¢ Support homestays ğŸ  â€¢ Eat local cuisine ğŸ²","â€¢ Respect Buddhist culture ğŸ•‰ï¸ â€¢ Dress warmly and modestly ğŸ§¥ â€¢ Follow ecological guidelines ğŸŒ¿","Yes"
Andaman Islands,November to March,"â€¢ Support local fishermen ğŸ£ â€¢ Buy local crafts ğŸº â€¢ Use eco-friendly tours ğŸŒ","â€¢ Respect tribal cultures ğŸ™ â€¢ Avoid plastic waste ğŸš« â€¢ Follow marine protection rules ğŸ ","Yes"
Rann of Kutch (Gujarat),November to February,"â€¢ Buy local handicrafts ğŸ§µ â€¢ Support community festivals ğŸŠ â€¢ Use local guides ğŸ—ºï¸","â€¢ Respect local customs ğŸ™ â€¢ Dress according to desert climate ğŸŒ â€¢ Avoid littering ğŸ—‘ï¸","Yes"
Munnar (Kerala),September to March,"â€¢ Buy local tea and spices ğŸµ â€¢ Support eco-tourism initiatives ğŸŒ¿ â€¢ Eat at local cafes â˜•","â€¢ Respect nature trails ğŸŒ³ â€¢ Dress modestly ğŸ‘— â€¢ Dispose waste properly â™»ï¸","Yes"
Khajuraho (Madhya Pradesh),October to March,"â€¢ Buy stone crafts ğŸ—¿ â€¢ Use local guides ğŸ—ºï¸ â€¢ Eat local snacks ğŸª","â€¢ Respect heritage ğŸ›ï¸ â€¢ Dress modestly ğŸ‘— â€¢ Keep quiet at sites ğŸ¤«","Yes"
Ranthambore (Rajasthan),October to June,"â€¢ Support local guides ğŸ—ºï¸ â€¢ Use eco-friendly safaris ğŸ… â€¢ Eat local cuisine ğŸ²","â€¢ Respect wildlife rules ğŸ¾ â€¢ Dress in earthy tones ğŸŒ¾ â€¢ Avoid loud noises ğŸ¤«","Yes"
Puri (Odisha),November to February,"â€¢ Buy local handicrafts ğŸ¨ â€¢ Use local guides ğŸ—ºï¸ â€¢ Eat at family-run eateries ğŸ½ï¸","â€¢ Dress modestly ğŸ‘š â€¢ Respect religious practices ğŸ™ â€¢ Remove shoes before entering temples ğŸ¥¿","No"
Mahabalipuram (Tamil Nadu),October to March,"â€¢ Buy stone carvings ğŸ—¿ â€¢ Support local artisans ğŸ¨ â€¢ Eat local food ğŸ½ï¸","â€¢ Respect archaeological sites ğŸ›ï¸ â€¢ Dress modestly ğŸ‘— â€¢ Avoid touching sculptures ğŸš«","Yes"
Gokarna (Karnataka),October to March,"â€¢ Support local shops ğŸ›ï¸ â€¢ Use local boats ğŸš¤ â€¢ Eat local cuisine ğŸ›","â€¢ Respect beach etiquette ğŸ–ï¸ â€¢ Dress modestly ğŸ‘— â€¢ Avoid plastic use ğŸš«","Yes"
Shimla (Himachal Pradesh),March to June,"â€¢ Buy woollens from local markets ğŸ§¥ â€¢ Eat local food ğŸ² â€¢ Support local guides ğŸ—ºï¸","â€¢ Respect local traditions ğŸ™ â€¢ Dress warmly ğŸ§£ â€¢ Dispose waste responsibly â™»ï¸","Yes"
Tirupati (Andhra Pradesh),September to February,"â€¢ Support local handicrafts ğŸ›ï¸ â€¢ Eat prasadam from temples ğŸ½ï¸ â€¢ Use local guides ğŸ—ºï¸","â€¢ Dress modestly ğŸ‘š â€¢ Follow temple protocol ğŸ™ â€¢ Speak softly ğŸ¤«","No"
